variant_id,merged,functional_class,chromosome_name,chromosome_position,chromosome_region,last_update_date,genes,association_id,study_accession,pubmed_id,publication_date
rs942457,0,synonymous_variant,1,17413090,1p36.13,2025-06-17T19:12:34Z,,102819013,102819013,NA,NA
rs6689641,0,non_coding_transcript_exon_variant,1,110177778,1p13.3,2025-06-18T07:27:59Z,,102819018,102819018,NA,NA
rs41271951,0,missense_variant,1,150764744,1q21.3,2025-06-30T02:43:08Z,,163164986,163164986,NA,NA
rs7534124,0,intergenic_variant,1,150766597,1q21.3,2025-06-16T23:37:13Z,,102819024,102819024,NA,NA
rs35563099,0,intron_variant,10,117812892,10q26.11,2025-06-17T19:33:27Z,,102819096,102819096,NA,NA
rs7939541,0,regulatory_region_variant,11,9568842,11p15.4,2025-06-19T15:29:38Z,,163165011,163165011,NA,NA
rs35198914,0,intron_variant,11,9584088,11p15.4,2025-06-19T13:41:56Z,,163373722,163373722,NA,NA
rs1126809,0,missense_variant,11,89284793,11q14.3,2025-07-02T15:29:14Z,,13436759,13436759,NA,NA
rs1126809,0,missense_variant,11,89284793,11q14.3,2025-07-02T15:29:14Z,,13436759,47741418,NA,NA
rs1126809,0,missense_variant,11,89284793,11q14.3,2025-07-02T15:29:14Z,,13436759,163373727,NA,NA
rs1126809,0,missense_variant,11,89284793,11q14.3,2025-07-02T15:29:14Z,,13436759,163164946,NA,NA
rs1126809,0,missense_variant,11,89284793,11q14.3,2025-07-02T15:29:14Z,,47741418,13436759,NA,NA
rs1126809,0,missense_variant,11,89284793,11q14.3,2025-07-02T15:29:14Z,,47741418,47741418,NA,NA
rs1126809,0,missense_variant,11,89284793,11q14.3,2025-07-02T15:29:14Z,,47741418,163373727,NA,NA
rs1126809,0,missense_variant,11,89284793,11q14.3,2025-07-02T15:29:14Z,,47741418,163164946,NA,NA
rs1126809,0,missense_variant,11,89284793,11q14.3,2025-07-02T15:29:14Z,,163373727,13436759,NA,NA
rs1126809,0,missense_variant,11,89284793,11q14.3,2025-07-02T15:29:14Z,,163373727,47741418,NA,NA
rs1126809,0,missense_variant,11,89284793,11q14.3,2025-07-02T15:29:14Z,,163373727,163373727,NA,NA
rs1126809,0,missense_variant,11,89284793,11q14.3,2025-07-02T15:29:14Z,,163373727,163164946,NA,NA
rs1126809,0,missense_variant,11,89284793,11q14.3,2025-07-02T15:29:14Z,,163164946,13436759,NA,NA
rs1126809,0,missense_variant,11,89284793,11q14.3,2025-07-02T15:29:14Z,,163164946,47741418,NA,NA
rs1126809,0,missense_variant,11,89284793,11q14.3,2025-07-02T15:29:14Z,,163164946,163373727,NA,NA
rs1126809,0,missense_variant,11,89284793,11q14.3,2025-07-02T15:29:14Z,,163164946,163164946,NA,NA
rs11018564,0,intergenic_variant,11,89301966,11q14.3,2025-06-16T23:37:07Z,,102819107,102819107,NA,NA
rs607860,0,non_coding_transcript_exon_variant,12,52519245,12q13.13,2025-06-30T01:25:04Z,,102819113,102819113,NA,NA
rs10876864,0,regulatory_region_variant,12,56007301,12q13.2,2025-07-02T15:27:57Z,,102819118,102819118,NA,NA
rs4761496,0,intergenic_variant,12,94733833,12q22,2025-06-14T01:51:56Z,,19448710,19448710,NA,NA
rs3213737,0,intron_variant,12,95986028,12q23.1,2025-06-23T13:00:39Z,,102819123,102819123,NA,NA
rs369608544,0,intergenic_variant,12,97399668,12q23.1,2025-06-19T19:40:12Z,,163373733,163373733,NA,NA
rs1460816,0,intron_variant,13,32354271,13q13.1,2025-06-18T18:24:32Z,,47741367,47741367,NA,NA
rs11571818,0,splice_polypyrimidine_tract_variant,13,32394673,13q13.1,2025-06-19T15:29:39Z,,163373738,163373738,NA,NA
rs11571833,0,stop_gained,13,32398489,13q13.1,2025-06-18T23:07:59Z,,43354,43354,NA,NA
rs3742233,0,3_prime_UTR_variant,13,112883134,13q34,2025-06-16T23:37:08Z,,102819128,102819128,NA,NA
rs10141120,0,intron_variant,14,103456671,14q32.32,2025-06-16T23:37:10Z,,102819134,102819134,NA,NA
rs1800407,0,missense_variant,15,27985172,15q13.1,2025-07-02T15:28:52Z,,47741422,47741422,NA,NA
rs149906873,1,intron_variant,15,28088564,15q13.1,2025-06-13T21:12:46Z,,16505367,16505367,NA,NA
rs12913832,0,intron_variant,15,28120472,15q13.1,2025-06-24T09:59:44Z,,163373743,163373743,NA,NA
rs12913832,0,intron_variant,15,28120472,15q13.1,2025-06-24T09:59:44Z,,163373743,163164971,NA,NA
rs12913832,0,intron_variant,15,28120472,15q13.1,2025-06-24T09:59:44Z,,163164971,163373743,NA,NA
rs12913832,0,intron_variant,15,28120472,15q13.1,2025-06-24T09:59:44Z,,163164971,163164971,NA,NA
rs12916300,0,intron_variant,15,28165345,15q13.1,2025-06-18T07:32:10Z,,13436760,13436760,NA,NA
rs12916300,0,intron_variant,15,28165345,15q13.1,2025-06-18T07:32:10Z,,13436760,47741391,NA,NA
rs12916300,0,intron_variant,15,28165345,15q13.1,2025-06-18T07:32:10Z,,47741391,13436760,NA,NA
rs12916300,0,intron_variant,15,28165345,15q13.1,2025-06-18T07:32:10Z,,47741391,47741391,NA,NA
rs4785204,0,intron_variant,16,50069823,16q12.1,2025-06-13T16:58:26Z,,23626,23626,NA,NA
rs35063026,0,3_prime_UTR_variant,16,89669749,16q24.3,2025-06-17T20:39:04Z,,13436767,13436767,NA,NA
rs1805007,0,missense_variant,16,89919709,16q24.3,2025-07-02T15:28:51Z,,47741430,47741430,NA,NA
rs1805007,0,missense_variant,16,89919709,16q24.3,2025-07-02T15:28:51Z,,47741430,163373748,NA,NA
rs1805007,0,missense_variant,16,89919709,16q24.3,2025-07-02T15:28:51Z,,47741430,163164981,NA,NA
rs1805007,0,missense_variant,16,89919709,16q24.3,2025-07-02T15:28:51Z,,163373748,47741430,NA,NA
rs1805007,0,missense_variant,16,89919709,16q24.3,2025-07-02T15:28:51Z,,163373748,163373748,NA,NA
rs1805007,0,missense_variant,16,89919709,16q24.3,2025-07-02T15:28:51Z,,163373748,163164981,NA,NA
rs1805007,0,missense_variant,16,89919709,16q24.3,2025-07-02T15:28:51Z,,163164981,47741430,NA,NA
rs1805007,0,missense_variant,16,89919709,16q24.3,2025-07-02T15:28:51Z,,163164981,163373748,NA,NA
rs1805007,0,missense_variant,16,89919709,16q24.3,2025-07-02T15:28:51Z,,163164981,163164981,NA,NA
rs4268748,0,intron_variant,16,89960104,16q24.3,2025-07-02T15:29:13Z,,13436761,13436761,NA,NA
rs8063761,0,intron_variant,16,89961218,16q24.3,2025-06-13T21:47:56Z,,16528405,16528405,NA,NA
rs7498985,0,intron_variant,16,90036709,16q24.3,2025-06-17T11:24:02Z,,102819145,102819145,NA,NA
rs17761864,0,intron_variant,17,2268343,17p13.3,2025-06-13T16:58:39Z,,23630,23630,NA,NA
rs6503659,0,intergenic_variant,17,41741012,17q21.2,2025-06-13T16:58:30Z,,23627,23627,NA,NA
rs2847281,0,intron_variant,18,12821594,18p11.21,2025-06-17T20:39:45Z,,23631,23631,NA,NA
rs1050631,0,synonymous_variant,18,36114157,18q12.2,2025-06-13T17:09:54Z,,30697,30697,NA,NA
rs186916993,0,intron_variant,2,29501984,2p23.2,2025-06-19T13:42:03Z,,163373653,163373653,NA,NA
rs1800440,0,missense_variant,2,38070996,2p22.2,2025-06-19T13:41:59Z,,102819029,102819029,NA,NA
rs10164641,0,intron_variant,2,54896243,2p16.1,2025-06-18T23:59:56Z,,165010367,165010367,NA,NA
rs6743068,0,intron_variant,2,201289197,2q33.1,2025-06-19T13:41:59Z,,47741371,47741371,NA,NA
rs1830298,0,intron_variant,2,201316524,2q33.1,2025-06-18T01:50:15Z,,102819034,102819034,NA,NA
rs214793,0,intron_variant,20,2305059,20p13,2025-06-30T04:43:22Z,,102819150,102819150,NA,NA
rs62209647,0,intron_variant,20,33917852,20q11.22,2025-06-19T14:05:34Z,,47741426,47741426,NA,NA
rs62211989,0,intergenic_variant,20,33950585,20q11.22,2025-06-23T12:32:32Z,,163373753,163373753,NA,NA
rs62211989,0,intergenic_variant,20,33950585,20q11.22,2025-06-23T12:32:32Z,,163373753,163164991,NA,NA
rs62211989,0,intergenic_variant,20,33950585,20q11.22,2025-06-23T12:32:32Z,,163164991,163373753,NA,NA
rs62211989,0,intergenic_variant,20,33950585,20q11.22,2025-06-23T12:32:32Z,,163164991,163164991,NA,NA
rs6059655,0,intron_variant,20,34077942,20q11.22,2025-07-02T15:28:54Z,,13436762,13436762,NA,NA
rs1474976,0,intron_variant,20,36144450,20q11.23,2025-06-19T03:56:04Z,,102819156,102819156,NA,NA
rs62216162,0,intron_variant,21,32353306,21q22.11,2025-06-19T13:42:00Z,,163373759,163373759,NA,NA
rs4822983,0,intron_variant,22,28719078,22q12.1,2025-06-30T06:12:25Z,,23632,23632,NA,NA
rs17879961,0,missense_variant,22,28725099,22q12.1,2025-06-19T00:14:44Z,,43355,43355,NA,NA
rs2239815,0,intron_variant,22,28796682,22q12.1,2025-06-13T20:05:06Z,,23628,23628,NA,NA
rs62246017,0,intron_variant,3,71433933,3p13,2025-06-17T09:22:38Z,,13436763,13436763,NA,NA
rs9878566,0,intron_variant,3,156775424,3q25.31,2025-06-17T18:00:45Z,,102819039,102819039,NA,NA
rs2239612,0,intron_variant,3,187075454,3q27.3,2025-06-13T16:58:34Z,,23629,23629,NA,NA
rs11707807,0,intron_variant,3,188370473,3q28,2025-06-19T09:06:18Z,,47741362,47741362,NA,NA
rs6790260,0,intron_variant,3,188399291,3q28,2025-06-23T12:39:02Z,,163373658,163373658,NA,NA
rs6790260,0,intron_variant,3,188399291,3q28,2025-06-23T12:39:02Z,,163373658,163164996,NA,NA
rs6790260,0,intron_variant,3,188399291,3q28,2025-06-23T12:39:02Z,,163164996,163373658,NA,NA
rs6790260,0,intron_variant,3,188399291,3q28,2025-06-23T12:39:02Z,,163164996,163164996,NA,NA
rs9834622,0,intergenic_variant,3,189482245,3q28,2025-06-19T13:42:09Z,,163373664,163373664,NA,NA
rs6791479,0,intergenic_variant,3,189487243,3q28,2025-06-19T14:34:31Z,,13436764,13436764,NA,NA
rs80337402,0,intron_variant,4,184158198,4q35.1,2025-06-19T00:00:00Z,,165010374,165010374,NA,NA
rs7713279,0,intergenic_variant,5,33928797,5p13.2,2025-06-17T19:07:23Z,,102819045,102819045,NA,NA
rs35407,0,3_prime_UTR_variant,5,33946466,5p13.2,2025-06-17T19:33:25Z,,47741340,47741340,NA,NA
rs16891982,0,missense_variant,5,33951588,5p13.2,2025-07-02T15:28:57Z,,13436757,13436757,NA,NA
rs16891982,0,missense_variant,5,33951588,5p13.2,2025-07-02T15:28:57Z,,13436757,163373669,NA,NA
rs16891982,0,missense_variant,5,33951588,5p13.2,2025-07-02T15:28:57Z,,13436757,163164976,NA,NA
rs16891982,0,missense_variant,5,33951588,5p13.2,2025-07-02T15:28:57Z,,163373669,13436757,NA,NA
rs16891982,0,missense_variant,5,33951588,5p13.2,2025-07-02T15:28:57Z,,163373669,163373669,NA,NA
rs16891982,0,missense_variant,5,33951588,5p13.2,2025-07-02T15:28:57Z,,163373669,163164976,NA,NA
rs16891982,0,missense_variant,5,33951588,5p13.2,2025-07-02T15:28:57Z,,163164976,13436757,NA,NA
rs16891982,0,missense_variant,5,33951588,5p13.2,2025-07-02T15:28:57Z,,163164976,163373669,NA,NA
rs16891982,0,missense_variant,5,33951588,5p13.2,2025-07-02T15:28:57Z,,163164976,163164976,NA,NA
rs7444313,0,intergenic_variant,5,139485838,5q31.2,2025-06-19T19:39:55Z,,163373674,163373674,NA,NA
rs7444313,0,intergenic_variant,5,139485838,5q31.2,2025-06-19T19:39:55Z,,163373674,163165006,NA,NA
rs7444313,0,intergenic_variant,5,139485838,5q31.2,2025-06-19T19:39:55Z,,163165006,163373674,NA,NA
rs7444313,0,intergenic_variant,5,139485838,5q31.2,2025-06-19T19:39:55Z,,163165006,163165006,NA,NA
rs251465,0,intron_variant,5,149816527,5q32,2025-06-16T23:37:05Z,,102819050,102819050,NA,NA
rs2797305,0,intron_variant,6,390658,6p25.3,2025-06-30T06:00:24Z,,102819055,102819055,NA,NA
rs12203592,0,intron_variant,6,396321,6p25.3,2025-07-02T15:29:15Z,,13436758,13436758,NA,NA
rs12203592,0,intron_variant,6,396321,6p25.3,2025-07-02T15:29:15Z,,13436758,47741434,NA,NA
rs12203592,0,intron_variant,6,396321,6p25.3,2025-07-02T15:29:15Z,,13436758,163373679,NA,NA
rs12203592,0,intron_variant,6,396321,6p25.3,2025-07-02T15:29:15Z,,13436758,163164961,NA,NA
rs12203592,0,intron_variant,6,396321,6p25.3,2025-07-02T15:29:15Z,,47741434,13436758,NA,NA
rs12203592,0,intron_variant,6,396321,6p25.3,2025-07-02T15:29:15Z,,47741434,47741434,NA,NA
rs12203592,0,intron_variant,6,396321,6p25.3,2025-07-02T15:29:15Z,,47741434,163373679,NA,NA
rs12203592,0,intron_variant,6,396321,6p25.3,2025-07-02T15:29:15Z,,47741434,163164961,NA,NA
rs12203592,0,intron_variant,6,396321,6p25.3,2025-07-02T15:29:15Z,,163373679,13436758,NA,NA
rs12203592,0,intron_variant,6,396321,6p25.3,2025-07-02T15:29:15Z,,163373679,47741434,NA,NA
rs12203592,0,intron_variant,6,396321,6p25.3,2025-07-02T15:29:15Z,,163373679,163373679,NA,NA
rs12203592,0,intron_variant,6,396321,6p25.3,2025-07-02T15:29:15Z,,163373679,163164961,NA,NA
rs12203592,0,intron_variant,6,396321,6p25.3,2025-07-02T15:29:15Z,,163164961,13436758,NA,NA
rs12203592,0,intron_variant,6,396321,6p25.3,2025-07-02T15:29:15Z,,163164961,47741434,NA,NA
rs12203592,0,intron_variant,6,396321,6p25.3,2025-07-02T15:29:15Z,,163164961,163373679,NA,NA
rs12203592,0,intron_variant,6,396321,6p25.3,2025-07-02T15:29:15Z,,163164961,163164961,NA,NA
rs1246946,0,intergenic_variant,6,4979722,6p25.1,2025-06-15T03:01:14Z,,47741351,47741351,NA,NA
rs9383064,0,intron_variant,6,15535090,6p22.3,2025-06-15T03:00:44Z,,47741387,47741387,NA,NA
rs3095268,0,intron_variant,6,29638984,6p22.1,2025-06-19T10:31:03Z,,165010386,165010386,NA,NA
rs1611673,0,intron_variant,6,29857638,6p22.1,2025-06-19T00:00:31Z,,165010398,165010398,NA,NA
rs2508036,0,intron_variant,6,29955231,6p22.1,2025-06-19T00:00:03Z,,165010392,165010392,NA,NA
rs1264712,0,intergenic_variant,6,30085165,6p22.1,2025-06-19T00:00:01Z,,165010380,165010380,NA,NA
rs35324266,0,intergenic_variant,6,32625467,6p21.32,2025-06-15T03:00:59Z,,47741410,47741410,NA,NA
rs4455710,0,intron_variant,6,32641081,6p21.32,2025-06-18T07:47:29Z,,13436765,13436765,NA,NA
rs9469220,0,intergenic_variant,6,32690533,6p21.32,2025-06-19T20:35:03Z,,163373684,163373684,NA,NA
rs2494938,0,intron_variant,6,40568389,6p21.1,2025-06-24T10:48:59Z,,25453,25453,NA,NA
rs2494938,0,intron_variant,6,40568389,6p21.1,2025-06-24T10:48:59Z,,25453,25452,NA,NA
rs2494938,0,intron_variant,6,40568389,6p21.1,2025-06-24T10:48:59Z,,25452,25453,NA,NA
rs2494938,0,intron_variant,6,40568389,6p21.1,2025-06-24T10:48:59Z,,25452,25452,NA,NA
rs72928038,0,intron_variant,6,90267049,6q15,2025-06-30T05:40:14Z,,47741400,47741400,NA,NA
rs72928038,0,intron_variant,6,90267049,6q15,2025-06-30T05:40:14Z,,47741400,102819066,NA,NA
rs72928038,0,intron_variant,6,90267049,6q15,2025-06-30T05:40:14Z,,47741400,163373689,NA,NA
rs72928038,0,intron_variant,6,90267049,6q15,2025-06-30T05:40:14Z,,47741400,163165001,NA,NA
rs72928038,0,intron_variant,6,90267049,6q15,2025-06-30T05:40:14Z,,102819066,47741400,NA,NA
rs72928038,0,intron_variant,6,90267049,6q15,2025-06-30T05:40:14Z,,102819066,102819066,NA,NA
rs72928038,0,intron_variant,6,90267049,6q15,2025-06-30T05:40:14Z,,102819066,163373689,NA,NA
rs72928038,0,intron_variant,6,90267049,6q15,2025-06-30T05:40:14Z,,102819066,163165001,NA,NA
rs72928038,0,intron_variant,6,90267049,6q15,2025-06-30T05:40:14Z,,163373689,47741400,NA,NA
rs72928038,0,intron_variant,6,90267049,6q15,2025-06-30T05:40:14Z,,163373689,102819066,NA,NA
rs72928038,0,intron_variant,6,90267049,6q15,2025-06-30T05:40:14Z,,163373689,163373689,NA,NA
rs72928038,0,intron_variant,6,90267049,6q15,2025-06-30T05:40:14Z,,163373689,163165001,NA,NA
rs72928038,0,intron_variant,6,90267049,6q15,2025-06-30T05:40:14Z,,163165001,47741400,NA,NA
rs72928038,0,intron_variant,6,90267049,6q15,2025-06-30T05:40:14Z,,163165001,102819066,NA,NA
rs72928038,0,intron_variant,6,90267049,6q15,2025-06-30T05:40:14Z,,163165001,163373689,NA,NA
rs72928038,0,intron_variant,6,90267049,6q15,2025-06-30T05:40:14Z,,163165001,163165001,NA,NA
rs117132860,0,intron_variant,7,17095084,7p21.1,2025-07-02T15:28:56Z,,102819071,102819071,NA,NA
rs117132860,0,intron_variant,7,17095084,7p21.1,2025-07-02T15:28:56Z,,102819071,163373694,NA,NA
rs117132860,0,intron_variant,7,17095084,7p21.1,2025-07-02T15:28:56Z,,102819071,163164951,NA,NA
rs117132860,0,intron_variant,7,17095084,7p21.1,2025-07-02T15:28:56Z,,163373694,102819071,NA,NA
rs117132860,0,intron_variant,7,17095084,7p21.1,2025-07-02T15:28:56Z,,163373694,163373694,NA,NA
rs117132860,0,intron_variant,7,17095084,7p21.1,2025-07-02T15:28:56Z,,163373694,163164951,NA,NA
rs117132860,0,intron_variant,7,17095084,7p21.1,2025-07-02T15:28:56Z,,163164951,102819071,NA,NA
rs117132860,0,intron_variant,7,17095084,7p21.1,2025-07-02T15:28:56Z,,163164951,163373694,NA,NA
rs117132860,0,intron_variant,7,17095084,7p21.1,2025-07-02T15:28:56Z,,163164951,163164951,NA,NA
rs2285947,0,intron_variant,7,21544470,7p15.3,2025-06-16T10:17:48Z,,25718,25718,NA,NA
rs2285947,0,intron_variant,7,21544470,7p15.3,2025-06-16T10:17:48Z,,25718,25455,NA,NA
rs2285947,0,intron_variant,7,21544470,7p15.3,2025-06-16T10:17:48Z,,25718,25456,NA,NA
rs2285947,0,intron_variant,7,21544470,7p15.3,2025-06-16T10:17:48Z,,25455,25718,NA,NA
rs2285947,0,intron_variant,7,21544470,7p15.3,2025-06-16T10:17:48Z,,25455,25455,NA,NA
rs2285947,0,intron_variant,7,21544470,7p15.3,2025-06-16T10:17:48Z,,25455,25456,NA,NA
rs2285947,0,intron_variant,7,21544470,7p15.3,2025-06-16T10:17:48Z,,25456,25718,NA,NA
rs2285947,0,intron_variant,7,21544470,7p15.3,2025-06-16T10:17:48Z,,25456,25455,NA,NA
rs2285947,0,intron_variant,7,21544470,7p15.3,2025-06-16T10:17:48Z,,25456,25456,NA,NA
rs117744081,0,missense_variant,7,29092663,7p14.3,2025-06-30T03:24:45Z,,163373699,163373699,NA,NA
rs117744081,0,missense_variant,7,29092663,7p14.3,2025-06-30T03:24:45Z,,163373699,163164956,NA,NA
rs117744081,0,missense_variant,7,29092663,7p14.3,2025-06-30T03:24:45Z,,163164956,163373699,NA,NA
rs117744081,0,missense_variant,7,29092663,7p14.3,2025-06-30T03:24:45Z,,163164956,163164956,NA,NA
rs567140611,0,intergenic_variant,7,71028700,7q11.22,2025-06-19T19:40:07Z,,163373705,163373705,NA,NA
rs2737205,0,intron_variant,8,115597953,8q23.3,2025-06-30T05:46:03Z,,102819076,102819076,NA,NA
rs1137134,0,intron_variant,9,12712157,9p23,2025-06-16T23:37:06Z,,102819081,102819081,NA,NA
rs2153271,0,intron_variant,9,16864523,9p22.2,2025-06-17T22:12:26Z,,102819086,102819086,NA,NA
rs10810657,0,intergenic_variant,9,16884588,9p22.2,2025-06-18T07:47:11Z,,47741404,47741404,NA,NA
rs12350739,0,TF_binding_site_variant,9,16885019,9p22.2,2025-06-30T05:49:51Z,,163373710,163373710,NA,NA
rs12350739,0,TF_binding_site_variant,9,16885019,9p22.2,2025-06-30T05:49:51Z,,163373710,163164966,NA,NA
rs12350739,0,TF_binding_site_variant,9,16885019,9p22.2,2025-06-30T05:49:51Z,,163164966,163373710,NA,NA
rs12350739,0,TF_binding_site_variant,9,16885019,9p22.2,2025-06-30T05:49:51Z,,163164966,163164966,NA,NA
rs74664507,1,intergenic_variant,9,16913838,9p22.2,2025-06-14T19:05:30Z,,13436766,13436766,NA,NA
rs10811645,0,intron_variant,9,22049657,9p21.3,2025-06-17T17:47:29Z,,102819091,102819091,NA,NA
rs569779943,0,intron_variant,9,37685630,9p13.2,2025-06-19T13:41:54Z,,163373716,163373716,NA,NA
rs13301660,0,intron_variant,9,136446350,9q34.3,2025-06-17T06:35:20Z,,47741396,47741396,NA,NA
chr3:189199930,0,NA,NA,NA,NA,2025-06-18T15:38:11Z,,163164923,163164923,NA,NA
chr13:32968550,0,NA,NA,NA,NA,2025-06-18T15:35:28Z,,163164935,163164935,NA,NA
chr9:139345366,0,NA,NA,NA,NA,2025-06-18T15:35:28Z,,163164929,163164929,NA,NA
chr19:50038856,0,NA,NA,NA,NA,2025-06-18T15:35:16Z,,163164941,163164941,NA,NA
